PaymentID,OrderID,PaymentMode,PaymentDate,PaymentStatus
PM001,O001,Net Banking,2022-12-18,Success
PM002,O002,Debit Card,2022-09-30,Success
PM003,O003,PayPal,2022-02-23,Success
PM004,O004,Net Banking,2022-10-13,Success
PM005,O005,Credit Card,2022-05-15,Success
PM006,O006,UPI,2022-06-17,Success
PM007,O007,Debit Card,2023-12-24,Success
PM008,O008,Debit Card,2022-04-25,Success
PM009,O009,UPI,2022-06-02,Success
PM010,O010,UPI,2023-08-22,Success
PM011,O011,Net Banking,2022-05-11,Success
PM012,O012,PayPal,2022-02-12,Success
PM013,O013,Debit Card,2023-11-30,Success
PM014,O014,Credit Card,2022-12-31,Success
PM015,O015,Debit Card,2023-09-30,Success
PM016,O016,Credit Card,2022-06-16,Success
PM017,O017,UPI,2023-02-28,Success
PM018,O018,Net Banking,2022-12-09,Success
PM019,O019,PayPal,2023-11-17,Success
PM020,O020,PayPal,2022-10-01,Success
PM021,O021,PayPal,2022-04-23,Success
PM022,O022,Credit Card,2023-04-27,Success
PM023,O023,PayPal,2022-12-26,Success
PM024,O024,PayPal,2022-08-19,Success
PM025,O025,Credit Card,2023-02-14,Success
PM026,O026,Net Banking,2022-10-15,Success
PM027,O027,Credit Card,2023-02-15,Success
PM028,O028,UPI,2022-12-08,Success
PM029,O029,PayPal,2022-09-25,Success
PM030,O030,UPI,2022-02-11,Success
PM031,O031,Debit Card,2022-12-21,Success
PM032,O032,Debit Card,2023-03-24,Success
PM033,O033,Credit Card,2022-05-01,Success
PM034,O034,Credit Card,2022-07-14,Success
PM035,O035,Net Banking,2023-03-23,Success
PM036,O036,Credit Card,2023-12-05,Success
PM037,O037,Debit Card,2023-11-18,Success
PM038,O038,UPI,2022-03-14,Success
PM039,O039,UPI,2023-10-01,Success
PM040,O040,Debit Card,2022-11-04,Success
PM041,O041,Net Banking,2023-02-25,Success
PM042,O042,UPI,2022-10-30,Success
PM043,O043,PayPal,2023-03-07,Success
PM044,O044,UPI,2023-11-27,Success
PM045,O045,PayPal,2023-09-24,Success
PM046,O046,Credit Card,2023-07-18,Success
PM047,O047,PayPal,2022-10-21,Success
PM048,O048,Net Banking,2023-09-16,Success
PM049,O049,Credit Card,2023-03-29,Success
PM050,O050,Debit Card,2023-06-10,Success
PM051,O051,Credit Card,2022-06-24,Success
PM052,O052,Credit Card,2023-06-13,Success
PM053,O053,PayPal,2022-12-11,Success
PM054,O054,PayPal,2022-08-29,Success
PM055,O055,Net Banking,2022-07-24,Success
PM056,O056,Credit Card,2022-09-09,Success
PM057,O057,Debit Card,2022-03-17,Success
PM058,O058,Net Banking,2023-08-14,Success
PM059,O059,Net Banking,2023-01-29,Success
PM060,O060,UPI,2022-06-02,Success
PM061,O061,Net Banking,2022-04-21,Success
PM062,O062,Debit Card,2022-07-02,Success
PM063,O063,Net Banking,2023-06-15,Success
PM064,O064,Debit Card,2022-09-13,Success
PM065,O065,UPI,2023-04-13,Success
PM066,O066,Debit Card,2023-11-17,Success
PM067,O067,PayPal,2023-09-04,Success
PM068,O068,Credit Card,2023-03-31,Success
PM069,O069,Credit Card,2023-06-03,Success
PM070,O070,UPI,2023-04-04,Success
PM071,O071,PayPal,2023-05-02,Success
PM072,O072,Debit Card,2022-09-13,Success
PM073,O073,Debit Card,2023-06-19,Success
PM074,O074,UPI,2022-10-09,Success
PM075,O075,Debit Card,2022-10-22,Success
PM076,O076,PayPal,2022-11-24,Success
PM077,O077,Credit Card,2022-05-22,Success
PM078,O078,Net Banking,2023-12-13,Success
PM079,O079,PayPal,2022-03-08,Success
PM080,O080,Credit Card,2023-07-12,Success
PM081,O081,Credit Card,2022-08-02,Success
PM082,O082,Debit Card,2023-08-24,Success
PM083,O083,UPI,2023-08-13,Success
PM084,O084,Net Banking,2022-12-29,Success
PM085,O085,Credit Card,2023-03-07,Success
PM086,O086,Debit Card,2023-07-14,Success
PM087,O087,PayPal,2023-05-16,Success
PM088,O088,PayPal,2023-05-14,Success
PM089,O089,PayPal,2023-11-17,Success
PM090,O090,UPI,2022-06-20,Success
PM091,O091,Debit Card,2023-09-30,Success
PM092,O092,Debit Card,2023-08-30,Success
PM093,O093,Net Banking,2022-03-27,Success
PM094,O094,Debit Card,2023-04-18,Success
PM095,O095,Debit Card,2023-01-25,Success
PM096,O096,UPI,2022-12-02,Success
PM097,O097,UPI,2022-10-12,Success
PM098,O098,Net Banking,2022-09-17,Success
PM099,O099,Debit Card,2022-01-21,Success
PM100,O100,PayPal,2022-12-26,Success
PM101,O101,PayPal,2023-10-30,Success
PM102,O102,Credit Card,2022-09-11,Success
PM103,O103,PayPal,2023-10-01,Success
PM104,O104,Net Banking,2023-04-30,Success
PM105,O105,Debit Card,2022-08-13,Success
PM106,O106,Debit Card,2023-01-13,Success
PM107,O107,Debit Card,2022-04-29,Success
PM108,O108,UPI,2022-11-17,Success
PM109,O109,Credit Card,2022-11-18,Success
PM110,O110,PayPal,2023-02-12,Success
PM111,O111,Debit Card,2022-03-19,Success
PM112,O112,UPI,2022-09-07,Success
PM113,O113,Net Banking,2022-11-07,Success
PM114,O114,Net Banking,2022-05-04,Success
PM115,O115,Credit Card,2022-02-13,Success
PM116,O116,Credit Card,2023-11-09,Success
PM117,O117,Credit Card,2023-10-26,Success
PM118,O118,Credit Card,2023-05-17,Success
PM119,O119,Debit Card,2023-10-13,Success
PM120,O120,UPI,2023-12-27,Success
PM121,O121,Credit Card,2023-06-21,Success
PM122,O122,Net Banking,2023-09-24,Success
PM123,O123,Credit Card,2023-05-11,Success
PM124,O124,Credit Card,2023-08-30,Success
PM125,O125,UPI,2022-03-30,Success
PM126,O126,Credit Card,2022-09-08,Success
PM127,O127,Credit Card,2023-09-17,Success
PM128,O128,UPI,2022-01-30,Success
PM129,O129,Debit Card,2022-07-08,Success
PM130,O130,UPI,2022-09-24,Success
PM131,O131,UPI,2023-12-21,Success
PM132,O132,Credit Card,2022-01-12,Success
PM133,O133,UPI,2022-03-29,Success
PM134,O134,PayPal,2023-05-16,Success
PM135,O135,Debit Card,2023-12-10,Success
PM136,O136,PayPal,2023-05-19,Success
PM137,O137,Debit Card,2022-04-06,Success
PM138,O138,Net Banking,2023-12-12,Success
PM139,O139,Net Banking,2023-08-19,Success
PM140,O140,PayPal,2023-06-29,Success
PM141,O141,UPI,2023-07-20,Success
PM142,O142,UPI,2023-04-10,Success
PM143,O143,Credit Card,2022-08-26,Success
PM144,O144,UPI,2022-11-20,Success
PM145,O145,UPI,2023-12-08,Success
PM146,O146,Net Banking,2023-05-11,Success
PM147,O147,Net Banking,2023-06-22,Success
PM148,O148,UPI,2022-07-20,Success
PM149,O149,PayPal,2022-07-04,Success
PM150,O150,Net Banking,2023-07-02,Success
PM151,O151,PayPal,2022-02-27,Success
PM152,O152,Net Banking,2022-05-11,Success
PM153,O153,UPI,2023-05-19,Success
PM154,O154,Debit Card,2023-08-11,Success
PM155,O155,PayPal,2023-03-30,Success
PM156,O156,Debit Card,2022-09-16,Success
PM157,O157,PayPal,2022-04-27,Success
PM158,O158,UPI,2023-05-21,Success
PM159,O159,PayPal,2023-12-06,Success
PM160,O160,Debit Card,2023-07-31,Success
PM161,O161,Credit Card,2022-09-12,Success
PM162,O162,Debit Card,2023-03-04,Success
PM163,O163,Net Banking,2022-08-22,Success
PM164,O164,Credit Card,2023-04-07,Success
PM165,O165,Net Banking,2023-08-27,Success
PM166,O166,PayPal,2023-08-06,Success
PM167,O167,Debit Card,2022-04-12,Success
PM168,O168,Net Banking,2023-10-04,Success
PM169,O169,PayPal,2022-03-27,Success
PM170,O170,Credit Card,2023-07-22,Success
PM171,O171,PayPal,2023-02-25,Success
PM172,O172,Net Banking,2023-04-27,Success
PM173,O173,Net Banking,2022-10-23,Success
PM174,O174,UPI,2023-04-12,Success
PM175,O175,PayPal,2022-09-28,Success
PM176,O176,UPI,2023-08-27,Success
PM177,O177,Credit Card,2023-03-12,Success
PM178,O178,Debit Card,2023-10-28,Success
PM179,O179,Debit Card,2022-05-26,Success
PM180,O180,Net Banking,2022-11-12,Success
PM181,O181,Credit Card,2022-10-24,Success
PM182,O182,Net Banking,2023-12-07,Success
PM183,O183,Debit Card,2022-10-07,Success
PM184,O184,Debit Card,2023-03-26,Success
PM185,O185,Credit Card,2023-03-19,Success
PM186,O186,Debit Card,2022-09-16,Success
PM187,O187,Debit Card,2023-11-22,Success
PM188,O188,Net Banking,2023-08-26,Success
PM189,O189,Credit Card,2023-11-21,Success
PM190,O190,UPI,2022-02-13,Success
PM191,O191,Credit Card,2023-04-28,Success
PM192,O192,PayPal,2022-10-13,Success
PM193,O193,Debit Card,2023-03-23,Success
PM194,O194,UPI,2022-04-06,Success
PM195,O195,UPI,2022-12-10,Success
PM196,O196,PayPal,2022-06-14,Success
PM197,O197,Net Banking,2023-05-25,Success
PM198,O198,Net Banking,2023-07-19,Success
PM199,O199,Debit Card,2022-11-21,Success
PM200,O200,Net Banking,2023-02-18,Success
PM201,O201,UPI,2023-11-06,Success
PM202,O202,PayPal,2023-02-28,Success
PM203,O203,Debit Card,2023-01-08,Success
PM204,O204,Credit Card,2023-10-05,Success
PM205,O205,Net Banking,2022-07-29,Success
PM206,O206,Net Banking,2022-10-22,Success
PM207,O207,Debit Card,2023-05-14,Success
PM208,O208,PayPal,2023-09-18,Success
PM209,O209,Debit Card,2022-06-14,Success
PM210,O210,Net Banking,2023-07-20,Success
PM211,O211,UPI,2022-04-27,Success
PM212,O212,PayPal,2023-10-28,Success
PM213,O213,Credit Card,2022-10-26,Success
PM214,O214,PayPal,2023-03-03,Success
PM215,O215,Debit Card,2022-09-09,Success
PM216,O216,Credit Card,2023-01-30,Success
PM217,O217,PayPal,2023-06-06,Success
PM218,O218,Credit Card,2022-03-14,Success
PM219,O219,Debit Card,2022-12-15,Success
PM220,O220,Credit Card,2022-10-02,Success
PM221,O221,PayPal,2022-11-02,Success
PM222,O222,Credit Card,2023-11-07,Success
PM223,O223,UPI,2023-04-04,Success
PM224,O224,UPI,2022-12-07,Success
PM225,O225,UPI,2023-01-23,Success
PM226,O226,UPI,2022-07-14,Success
PM227,O227,Net Banking,2023-08-10,Success
PM228,O228,Credit Card,2023-02-26,Success
PM229,O229,Net Banking,2023-05-02,Success
PM230,O230,Debit Card,2023-01-31,Success
PM231,O231,UPI,2022-06-05,Success
PM232,O232,Credit Card,2022-05-11,Success
PM233,O233,Credit Card,2022-12-07,Success
PM234,O234,PayPal,2022-04-13,Success
PM235,O235,Credit Card,2022-01-17,Success
PM236,O236,Debit Card,2023-11-03,Success
PM237,O237,Debit Card,2023-04-28,Success
PM238,O238,Credit Card,2022-12-15,Success
PM239,O239,Credit Card,2023-10-29,Success
PM240,O240,Net Banking,2023-11-24,Success
PM241,O241,UPI,2022-11-23,Success
PM242,O242,Credit Card,2023-05-16,Success
PM243,O243,Debit Card,2023-09-27,Success
PM244,O244,UPI,2023-12-02,Success
PM245,O245,Credit Card,2022-04-03,Success
PM246,O246,PayPal,2023-10-11,Success
PM247,O247,Debit Card,2023-04-01,Success
PM248,O248,Net Banking,2022-02-01,Success
PM249,O249,Net Banking,2022-10-29,Success
PM250,O250,PayPal,2022-05-31,Success
PM251,O251,Debit Card,2023-08-03,Success
PM252,O252,Credit Card,2022-06-25,Success
PM253,O253,Net Banking,2023-01-29,Success
PM254,O254,UPI,2023-05-25,Success
PM255,O255,Credit Card,2022-08-27,Success
PM256,O256,Credit Card,2023-04-17,Success
PM257,O257,Credit Card,2023-04-23,Success
PM258,O258,Net Banking,2023-07-15,Success
PM259,O259,Debit Card,2022-12-20,Success
PM260,O260,Credit Card,2023-10-17,Success
PM261,O261,Debit Card,2022-09-16,Success
PM262,O262,PayPal,2022-07-23,Success
PM263,O263,UPI,2022-04-20,Success
PM264,O264,PayPal,2023-01-04,Success
PM265,O265,UPI,2022-10-31,Success
PM266,O266,PayPal,2023-02-10,Success
PM267,O267,Net Banking,2023-12-05,Success
PM268,O268,Debit Card,2023-09-14,Success
PM269,O269,UPI,2022-08-25,Success
PM270,O270,Debit Card,2022-08-14,Success
PM271,O271,Credit Card,2022-09-15,Success
PM272,O272,UPI,2023-11-08,Success
PM273,O273,PayPal,2023-10-06,Success
PM274,O274,PayPal,2023-10-26,Success
PM275,O275,Credit Card,2022-02-04,Success
PM276,O276,Credit Card,2022-05-15,Success
PM277,O277,PayPal,2022-12-03,Success
PM278,O278,UPI,2022-07-27,Success
PM279,O279,Debit Card,2023-01-12,Success
PM280,O280,Credit Card,2022-06-19,Success
PM281,O281,Net Banking,2022-10-31,Success
PM282,O282,Net Banking,2022-04-30,Success
PM283,O283,UPI,2022-05-27,Success
PM284,O284,Debit Card,2023-11-25,Success
PM285,O285,PayPal,2023-07-25,Success
PM286,O286,UPI,2022-01-17,Success
PM287,O287,Credit Card,2023-04-13,Success
PM288,O288,Net Banking,2023-11-22,Success
PM289,O289,Net Banking,2023-10-18,Success
PM290,O290,Net Banking,2023-11-23,Success
PM291,O291,Credit Card,2023-09-28,Success
PM292,O292,Debit Card,2022-12-02,Success
PM293,O293,Debit Card,2023-10-26,Success
PM294,O294,Debit Card,2023-12-19,Success
PM295,O295,UPI,2022-04-30,Success
PM296,O296,UPI,2022-11-08,Success
PM297,O297,Debit Card,2022-04-12,Success
PM298,O298,PayPal,2022-05-20,Success
PM299,O299,Credit Card,2023-11-18,Success
PM300,O300,UPI,2023-07-10,Success
PM301,O301,UPI,2022-06-10,Success
PM302,O302,PayPal,2022-04-13,Success
PM303,O303,Net Banking,2023-02-23,Success
PM304,O304,Credit Card,2022-02-05,Success
PM305,O305,Net Banking,2023-04-02,Success
PM306,O306,Net Banking,2023-01-08,Success
PM307,O307,Credit Card,2023-01-13,Success
PM308,O308,Debit Card,2023-01-03,Success
PM309,O309,Net Banking,2022-07-16,Success
PM310,O310,Net Banking,2022-04-04,Success
PM311,O311,Credit Card,2023-10-19,Success
PM312,O312,Credit Card,2022-02-22,Success
PM313,O313,Net Banking,2022-05-10,Success
PM314,O314,UPI,2022-03-13,Success
PM315,O315,UPI,2022-08-03,Success
PM316,O316,UPI,2022-12-05,Success
PM317,O317,Net Banking,2022-01-04,Success
PM318,O318,Credit Card,2022-05-14,Success
PM319,O319,PayPal,2022-04-24,Success
PM320,O320,Debit Card,2022-05-17,Success
PM321,O321,Net Banking,2023-08-28,Success
PM322,O322,UPI,2022-09-29,Success
PM323,O323,UPI,2023-03-09,Success
PM324,O324,Debit Card,2022-03-07,Success
PM325,O325,UPI,2023-01-07,Success
PM326,O326,PayPal,2023-04-08,Success
PM327,O327,PayPal,2022-02-15,Success
PM328,O328,PayPal,2023-06-19,Success
PM329,O329,UPI,2022-02-03,Success
PM330,O330,Credit Card,2023-02-16,Success
PM331,O331,Debit Card,2023-05-19,Success
PM332,O332,UPI,2022-03-18,Success
PM333,O333,PayPal,2023-09-17,Success
PM334,O334,UPI,2022-10-11,Success
PM335,O335,Credit Card,2023-07-16,Success
PM336,O336,UPI,2023-09-04,Success
PM337,O337,UPI,2023-06-04,Success
PM338,O338,UPI,2023-12-22,Success
PM339,O339,PayPal,2023-10-29,Success
PM340,O340,Net Banking,2022-08-09,Success
PM341,O341,Credit Card,2023-03-01,Success
PM342,O342,Net Banking,2023-02-14,Success
PM343,O343,Debit Card,2022-11-19,Success
PM344,O344,Net Banking,2022-09-19,Success
PM345,O345,Debit Card,2023-12-05,Success
PM346,O346,Debit Card,2022-04-04,Success
PM347,O347,Debit Card,2023-03-19,Success
PM348,O348,UPI,2023-01-17,Success
PM349,O349,PayPal,2022-03-05,Success
PM350,O350,Debit Card,2023-07-31,Success
PM351,O351,PayPal,2023-02-26,Success
PM352,O352,Net Banking,2023-03-11,Success
PM353,O353,Credit Card,2022-02-24,Success
PM354,O354,Credit Card,2022-11-16,Success
PM355,O355,PayPal,2023-06-05,Success
PM356,O356,Net Banking,2023-05-10,Success
PM357,O357,Debit Card,2022-12-26,Success
PM358,O358,Net Banking,2022-04-30,Success
PM359,O359,PayPal,2022-08-21,Success
PM360,O360,Debit Card,2023-09-30,Success
PM361,O361,Credit Card,2023-07-26,Success
PM362,O362,Credit Card,2023-12-13,Success
PM363,O363,Credit Card,2022-10-07,Success
PM364,O364,Net Banking,2022-12-14,Success
PM365,O365,Debit Card,2022-05-29,Success
PM366,O366,Debit Card,2022-03-15,Success
PM367,O367,Debit Card,2022-02-02,Success
PM368,O368,UPI,2022-08-11,Success
PM369,O369,Credit Card,2022-12-18,Success
PM370,O370,Credit Card,2022-11-30,Success
PM371,O371,Debit Card,2023-09-05,Success
PM372,O372,Debit Card,2022-06-11,Success
PM373,O373,Credit Card,2022-02-20,Success
PM374,O374,PayPal,2023-04-01,Success
PM375,O375,PayPal,2023-09-16,Success
PM376,O376,PayPal,2022-08-10,Success
PM377,O377,UPI,2022-12-21,Success
PM378,O378,UPI,2023-11-27,Success
PM379,O379,Debit Card,2023-06-25,Success
PM380,O380,PayPal,2022-08-16,Success
PM381,O381,Net Banking,2022-02-28,Success
PM382,O382,UPI,2022-08-07,Success
PM383,O383,Credit Card,2022-09-19,Success
PM384,O384,Net Banking,2022-01-10,Success
PM385,O385,PayPal,2022-07-01,Success
PM386,O386,Net Banking,2023-12-24,Success
PM387,O387,PayPal,2023-11-17,Success
PM388,O388,Credit Card,2023-02-12,Success
PM389,O389,Credit Card,2023-03-24,Success
PM390,O390,PayPal,2022-11-19,Success
PM391,O391,PayPal,2023-02-20,Success
PM392,O392,PayPal,2022-10-26,Success
PM393,O393,PayPal,2022-11-29,Success
PM394,O394,Debit Card,2023-04-19,Success
PM395,O395,Debit Card,2022-04-01,Success
PM396,O396,Net Banking,2022-09-08,Success
PM397,O397,PayPal,2023-06-23,Success
PM398,O398,Debit Card,2022-12-16,Success
PM399,O399,Credit Card,2022-06-24,Success
PM400,O400,UPI,2022-04-28,Success
