Kabir,10
Olivia,8
Reyansh,8
Alice,8
Elizabeth,8
Gaspard,8
Harper,7
Henry,7
Madison,7
Noah,7
Larissa,7
Isabela,7
Stanley,7
Wen,7
William,6
Zhi,6
Tao,6
Hua,6
Manon,6
Harrison,6
Ava,6
Avery,6
Alexander,6
Alfie,5
Adèle,5
Chloé,5
Dan,5
Eleanor,5
Max,5
Rong,5
Sia,5
João,5
Sophie,5
Wei,5
Xinyi,5
Pierre,4
Vivaan,4
Leon,4
Jing,4
Logan,4
Sofia,4
Samantha,4
Shaun,4
Riya,4
Owen,4
Mei,4
Mia,4
Hanna,4
Emma,4
Ethan,4
Evelyn,4
Arthur,4
Chloe,4
Camila,4
Camille,4
Ananya,4
Archie,3
Feng,3
Florence,3
Frederick,3
Enzo,3
Ethan,3
George,3
Hong,3
Matilda,3
Marcus,3
Louis,3
Lucas,3
Madeline,3
Liam,3
Juliette,3
Jun,3
Leo,3
Jack,3
Valentina,3
Victor,2
Sophie,2
Yue,2
Isla,2
Li,2
Mathieu,2
Paul,2
Grace,2
Emilia,2
Benjamin,2
Aarav,2
Charlotte,2
Chen,2
Daniel,2
